final_relation_subtype,rows,rate
compare_against,152,0.2611683848797251
direct_use,146,0.2508591065292096
none,124,0.21305841924398625
adapt_to_domain,63,0.10824742268041238
critique_limitation,53,0.09106529209621993
improve,31,0.05326460481099656
component_use,7,0.012027491408934709
report_metric,3,0.005154639175257732
evaluate_on,2,0.003436426116838488
combine_with,1,0.001718213058419244
