final_object_type,rows,rate
model,136,0.23367697594501718
method,116,0.19931271477663232
unknown,91,0.1563573883161512
metric,63,0.10824742268041238
claim_or_finding,46,0.07903780068728522
dataset_or_database,46,0.07903780068728522
software_or_tool,42,0.07216494845360824
benchmark_or_protocol,17,0.029209621993127148
task,13,0.022336769759450172
theory_or_concept,12,0.020618556701030927
