step,count,retention_from_previous,retention_from_first
section_aware_citation_contexts,1990689,1.0,1.0
resolved_citation_marker_components,3152073,1.5834080562056654,1.5834080562056654
analysis_ready_strong_contexts,1184634,0.3758269557843362,0.5950874295281684
object_mentions,404228,0.34122606644752723,0.20305934277026697
object_graph_candidate_mentions,322688,0.798282157594229,0.16209865026631484
phase1_llm_candidate_contexts,306231,0.9490002727092424,0.15383166330853287
phase2_valid_structured_labels,582,0.001900526073454353,0.00029236108704071805
